url,finalUrl,normalizedUrl,statusCode,contentType,rawHtmlHash,domHash,renderMode,navEndReason,depth,discoveredFrom,section,title,metaDescription,h1,internalLinksCount,externalLinksCount,mediaAssetsCount,canonicalHref,canonicalResolved,noindexSurface,fetchMs,renderMs,network.totalRequests,network.totalBytes,network.totalDuration,enhancedSEO.indexability.isNoIndex,enhancedSEO.content.titleLength.pixels,enhancedSEO.international.hreflangCount,performance.scores.performance,performance.scores.accessibility
https://rpmsunstate.com/,https://www.rpmsunstate.com/,https://www.rpmsunstate.com/,200,text/html,5cfac06d7acc1df12241dd95da58a362dd6718ed97c760f2a0ce62a2f9f374b2,0467f9a9802a41c56b6607824f50e4148104e58a9b6c1ccf458834e0ccbba828,full,timeout,0,seed,/,"Florida Property Management | Jacksonville, Orlando & Palm Beach","Expert property management in Jacksonville, Orlando, and Palm Beach. RPM Sunstate offers full-service solutions to protect rentals and grow ROI.","Full-Service Property Management for Jacksonville, Orlando, and Palm Beach County Rental Properties",37,41,23,https://www.rpmsunstate.com/,https://www.rpmsunstate.com/,,453,30894,185,13142512,30752,false,552,0,,
https://www.rpmsunstate.com/,https://www.rpmsunstate.com/,https://www.rpmsunstate.com/,200,text/html,f7e20af1a174838b0e769fef0e0cbe913d7230e1823f95a904a919140c2e9068,8b457e384c87ad0e99edc5a1b45e3ad628c1879ae0415b230f0fba88a35d4d85,full,networkidle,1,https://www.rpmsunstate.com/,/,"Florida Property Management | Jacksonville, Orlando & Palm Beach","Expert property management in Jacksonville, Orlando, and Palm Beach. RPM Sunstate offers full-service solutions to protect rentals and grow ROI.","Full-Service Property Management for Jacksonville, Orlando, and Palm Beach County Rental Properties",37,41,23,https://www.rpmsunstate.com/,https://www.rpmsunstate.com/,,499,2418,159,12098128,2330,false,552,0,,
https://www.rpmsunstate.com/houses-rent,https://www.rpmsunstate.com/houses-rent,https://www.rpmsunstate.com/houses-rent,200,text/html,d0434faa0006cd01100038f844d48ce9abbef7a6601cfceb5e879a72e336d67b,feb1df9cb4cd5bddf6219245d301e754a2edb0835c7d2a35fdece2d39363221a,full,networkidle,1,https://www.rpmsunstate.com/,/houses-rent/,"Central Florida Rental Homes | RPM Sunstate",Looking for rental homes in Central Florida? Explore available properties managed by RPM Sunstate and apply online today.,Search Houses for Rent,35,38,21,https://www.rpmsunstate.com/houses-rent,https://www.rpmsunstate.com/houses-rent,,183,2159,136,9222556,2098,false,376,0,,
https://www.rpmsunstate.com/tenants,https://www.rpmsunstate.com/tenants,https://www.rpmsunstate.com/tenants,200,text/html,af109d1730dec6b4859211e51f58982eeda18eb3ab98ef4e5f673a6e791b0cde,919c70d5fc2d70dfdb5f1d9dd510de338079a07275bbe2a50029e38a4048d004,full,networkidle,1,https://www.rpmsunstate.com/,/tenants/,"Tenant Resources & Portal | RPM Sunstate","Current tenants: log in to the RPM Sunstate portal to pay rent, request maintenance, or view policies. Find move-in, move-out, and pet resources.",Real Property Management Sunstate Tenant Resources,47,43,35,https://www.rpmsunstate.com/tenants,https://www.rpmsunstate.com/tenants,,175,2216,151,10625996,2143,false,347,0,,
https://www.rpmsunstate.com/owners,https://www.rpmsunstate.com/owners,https://www.rpmsunstate.com/owners,200,text/html,1da96cff163f0c762c377e9fe325bb42ee1d0cde4e8cb7c33e177bc56b360af5,82f4ba0e00833f086af39394d506295f12b358c0df2261d08bf1932f5813dccb,full,networkidle,1,https://www.rpmsunstate.com/,/owners/,"Owner Portal & Resources | RPM Sunstate","Current RPM Sunstate clients can access statements, reports, and support. New to us? Request your free property management assessment today.",Property Owner Portal & Client Resources,34,41,23,https://www.rpmsunstate.com/owners,https://www.rpmsunstate.com/owners,,343,2576,175,18403468,2483,false,338,0,,
https://www.rpmsunstate.com/blog,https://www.rpmsunstate.com/blog,https://www.rpmsunstate.com/blog,200,text/html,3de4ab5234a177f3d58e98a10f2b8f6e5d25dbefc26eb0503fc6b33825f82dce,9cf8a743d91017fd759d0a3664e880afb3ca051090c142355757365b9d49786b,full,networkidle,1,https://www.rpmsunstate.com/,/blog/,"Florida Property Management Blog | RPM Sunstate","Stay informed with RPM Sunstate’s property management blog. News, tips, and market updates for Florida landlords, investors, and tenants.",Real Property Management Sunstate - Property Management Blog,56,35,30,https://www.rpmsunstate.com/blog,https://www.rpmsunstate.com/blog,,409,2431,144,9416640,2350,false,412,0,,
https://www.rpmsunstate.com/investor-resources,https://www.rpmsunstate.com/investor-resources,https://www.rpmsunstate.com/investor-resources,200,text/html,a94ef6d80f840d51f2aab4ee0b6f50fb52043c28e33bd14cf738616eec281c82,efe85cd396f8000247be5e350a891125809238afbd326b62336408be95029646,full,networkidle,1,https://www.rpmsunstate.com/,/investor-resources/,"Investor Resources for Florida Landlords | RPM Sunstate","Access investor tools, market insights, and property management guides. RPM Sunstate helps landlords grow portfolios and maximize rental ROI.",Investor Support Services,32,35,21,https://www.rpmsunstate.com/investor-resources,https://www.rpmsunstate.com/investor-resources,,330,2329,145,10853317,2239,false,478,0,,
https://www.rpmsunstate.com/wealth-optimizer,https://www.rpmsunstate.com/wealth-optimizer,https://www.rpmsunstate.com/wealth-optimizer,200,text/html,e6f022a690c975adbae8a860aa9ab4d4f552f233f3d4cd224d3f9df593102d7b,5ae3594cdf78c3771af20da131c61defd4d6136cadb09fc10f451387b306ccca,full,networkidle,1,https://www.rpmsunstate.com/,/wealth-optimizer/,"Wealth Optimizer ROI Calculator | RPM Sunstate",Analyze your rental property with RPM Sunstate’s free Wealth Optimizer tool. Get insights to maximize ROI and make smarter investment decisions.,Real Property Management Wealth Optimizer,31,35,21,https://www.rpmsunstate.com/wealth-optimizer,https://www.rpmsunstate.com/wealth-optimizer,,315,3186,189,12537310,3110,false,409,0,,
https://www.rpmsunstate.com/about-us,https://www.rpmsunstate.com/about-us,https://www.rpmsunstate.com/about-us,200,text/html,ed6672e989f0253b870c972ec21349c17a12f51594c418a422a8788e81d6c6b6,a9b2c3445acb0cd7663fdf1412b0c897a1b15b576d383f06f605b79d9473164d,full,networkidle,1,https://www.rpmsunstate.com/,/about-us/,"About RPM Sunstate | Florida Property Management Experts","Learn about RPM Sunstate, serving Jacksonville, Orlando, and Palm Beach. We provide full-service property management to protect rentals and boost returns.",About Real Property Management Sunstate,35,35,22,https://www.rpmsunstate.com/about-us,https://www.rpmsunstate.com/about-us,,312,2406,145,10575164,2319,false,490,0,,
https://www.rpmsunstate.com/property-management-reviews-testimonials,https://www.rpmsunstate.com/reviews,https://www.rpmsunstate.com/reviews,200,text/html,55bddd0261c63054f4310384093786212175a1fe99ddf49a68774ecbd7f09980,ff80463e8b9d4a562717da97c001d9f35c2ec61916604ace178eb7f491a75611,full,networkidle,1,https://www.rpmsunstate.com/,/reviews/,"Property Management Reviews & Testimonials | RPM Sunstate","See verified reviews from property owners and tenants. Learn why landlords trust RPM Sunstate for reliable, full-service property management.",,31,35,21,https://www.rpmsunstate.com/reviews,https://www.rpmsunstate.com/reviews,,510,2355,136,9176892,2267,false,497,0,,
https://www.rpmsunstate.com/faqs,https://www.rpmsunstate.com/faqs,https://www.rpmsunstate.com/faqs,200,text/html,57842489e9ae48476d75ae3dfd9793c3ddbc76c885cad6d546e7e22889237b62,d7056782d58bf21f24b71473911d90d92758bc597801db08fef267758ae5ce3d,full,networkidle,1,https://www.rpmsunstate.com/,/faqs/,"Property Management FAQs | RPM Sunstate","Find answers to common property management questions. Learn how RPM Sunstate supports Florida landlords, investors, and tenants with expert service.","Property Management FAQs | RPM Sunstate",35,35,20,https://www.rpmsunstate.com/faqs,https://www.rpmsunstate.com/faqs,,304,2393,136,13659120,2333,false,349,0,,
https://www.rpmsunstate.com/creating-value,https://www.rpmsunstate.com/creating-value,https://www.rpmsunstate.com/creating-value,200,text/html,95ee8a02641481e39ad52b0e37d004de7f5f1eb6ba2c2b8821c62a3e04698698,6421d51a53c912db31ee252e3355e401642178b028bc90aa01290435f58af91c,full,networkidle,1,https://www.rpmsunstate.com/,/creating-value/,"Maximize Rental ROI | RPM Sunstate Property Management","Property management across Jacksonville, Orlando, and Palm Beach. Get better returns on your rental property with less hassle and more peace of mind.",Creating Value for You,36,35,20,https://www.rpmsunstate.com/creating-value,https://www.rpmsunstate.com/creating-value,,303,2326,159,13207384,2263,false,478,0,,
https://www.rpmsunstate.com/asset-management,https://www.rpmsunstate.com/asset-management,https://www.rpmsunstate.com/asset-management,200,text/html,72ce7e44994fe383d96057f1f7797e8e3a5750b92a849c14a414aff0901c67b7,cfb1b31940addd227468155ee44a9c274faec420092c6c9d074dd2dcca5edef9,full,networkidle,1,https://www.rpmsunstate.com/,/asset-management/,"Investment Property Asset Management | RPM Sunstate","Grow wealth with expert rental asset management. RPM Sunstate helps with tenant retention, ROI optimization, and protecting your investment long term.",Build Wealth with Your Investment Properties,33,36,30,https://www.rpmsunstate.com/asset-management,https://www.rpmsunstate.com/asset-management,,358,2390,145,10718607,2305,false,448,0,,
https://www.rpmsunstate.com/property-management-services,https://www.rpmsunstate.com/property-management-services,https://www.rpmsunstate.com/property-management-services,200,text/html,a67407700c898a6fd074e6a48da106b84edc442edc9032226c64433888852384,c25ae856d180f2ad6923cf5d183a0a2b82b7cedff245bc7e1c53cf29b17352e3,full,networkidle,1,https://www.rpmsunstate.com/,/property-management-services/,"Full-Service Property Management | RPM Sunstate","Full-service property management across Jacksonville, Orlando, and Palm Beach. We handle leasing, maintenance, and tenant care for landlords.",Professional Full-Service Property Management Services,42,35,35,https://www.rpmsunstate.com/property-management-services,https://www.rpmsunstate.com/property-management-services,,180,2431,142,9642655,2358,false,419,0,,
https://www.rpmsunstate.com/real-estate-agent-partner,https://www.rpmsunstate.com/real-estate-agent-partner,https://www.rpmsunstate.com/real-estate-agent-partner,200,text/html,a5f0a7486139251946288b33d5e48cd36318b1a42121a135fe5e05ea29912cb9,1f01ad9a2c78924f26024fb33fc9f53569135b52ec4684cfaea0d742166f3f20,full,networkidle,1,https://www.rpmsunstate.com/,/real-estate-agent-partner/,"Real Estate Agent Referral Program | RPM Sunstate",Orlando real estate agents: Join RPM Sunstate’s referral program. Earn rewards while offering clients trusted property management solutions.,"Real estate agents partner with Real Property Management Sunstate with a referral program that rewards you, the agent.",32,35,20,https://www.rpmsunstate.com/real-estate-agent-partner,https://www.rpmsunstate.com/real-estate-agent-partner,,317,2400,136,9137916,2320,false,427,0,,
https://www.rpmsunstate.com/pricing,https://www.rpmsunstate.com/pricing,https://www.rpmsunstate.com/pricing,200,text/html,aee916f5eadc1b9015471396abe769d68f938a96a6fadf41a0f7ed6ec01a2d5d,fb0e76bc5de9fdb95a256eaac3bd48d843d802011192030d4c0278d90f52f861,full,networkidle,1,https://www.rpmsunstate.com/,/pricing/,"Property Management Pricing & Fees in Florida | RPM Sunstate",Explore RPM Sunstate’s property management pricing. Compare plans and find cost-effective solutions to maximize rental property income.,REAL PROFIT. REAL FREEDOM. REAL EASY.,35,38,21,https://www.rpmsunstate.com/pricing,https://www.rpmsunstate.com/pricing,,318,2490,144,9260672,2401,false,515,0,,
https://www.rpmsunstate.com/areas-we-serve,https://www.rpmsunstate.com/areas-we-serve,https://www.rpmsunstate.com/areas-we-serve,200,text/html,a329ee4da75f11d96dca9a538218bb22d126f35af00ac4ebb1709b1fa4dd58b5,31ffba56571c53b55bd1e5b7cc0558229d902fb0d1c75c94566c58d2fc7729c0,full,networkidle,1,https://www.rpmsunstate.com/,/areas-we-serve/,"Florida Property Management | Jacksonville, Orlando & Palm Beach","Serving property owners across Jacksonville, Orlando, and Palm Beach. Find professional property management tailored to your Florida community.",Areas We Serve,70,37,21,https://www.rpmsunstate.com/areas-we-serve,https://www.rpmsunstate.com/areas-we-serve,,334,2274,146,10602651,2193,false,552,0,,
https://www.rpmsunstate.com/areas-we-serve/jacksonville-office,https://www.rpmsunstate.com/areas-we-serve/jacksonville-office,https://www.rpmsunstate.com/areas-we-serve/jacksonville-office,200,text/html,609c5a8b945b29671b7603bd43a19cd3fb77e03728f7eca4c48d571d43a017c7,5c78023be20599f986b06aef4ff6151d303cfbd46344ca21ebc80eb8d3a79340,full,networkidle,1,https://www.rpmsunstate.com/,/areas-we-serve/,"Jacksonville Property Management Office | RPM Sunstate",Local Jacksonville property management experts backed by national support. Reduce vacancy and boost ROI with RPM Sunstate’s proven systems.,Rental Property Management in Jacksonville,51,39,21,https://www.rpmsunstate.com/areas-we-serve/jacksonville-office,https://www.rpmsunstate.com/areas-we-serve/jacksonville-office,,343,2223,142,9259633,2142,false,475,0,,
https://www.rpmsunstate.com/areas-we-serve/orlando-office,https://www.rpmsunstate.com/areas-we-serve/orlando-office,https://www.rpmsunstate.com/areas-we-serve/orlando-office,200,text/html,d2b9b5fb0f25832a6d5fd1022f3b0d7fcd3bc6f5e622173dff564a793d763679,95645cfabaeba5d72e1ee9d7d4b8bfd7482698dcbfccfc7e29fcd3e489033feb,full,networkidle,1,https://www.rpmsunstate.com/,/areas-we-serve/,"Orlando Property Management Office | RPM Sunstate","Our Orlando office provides full-service property management including leasing, tenant screening, maintenance, financials, and eviction support.",Rental Property Management in Orlando,47,39,21,https://www.rpmsunstate.com/areas-we-serve/orlando-office,https://www.rpmsunstate.com/areas-we-serve/orlando-office,,346,2201,145,9651799,2120,false,430,0,,
https://www.rpmsunstate.com/areas-we-serve/palm-beach-county-office,https://www.rpmsunstate.com/areas-we-serve/palm-beach-county-office,https://www.rpmsunstate.com/areas-we-serve/palm-beach-county-office,200,text/html,0a7c287086f6986ede285585f996961d9c22c4f3b0266bbe5cbc8a759e397617,0203bef6a30acd3a6484e015f0f2dbcb289abd6e7b809fec54a5f1a5398d487e,full,networkidle,1,https://www.rpmsunstate.com/,/areas-we-serve/,"Palm Beach County Property Management Office | RPM Sunstate","Local Palm Beach County property management experts. Tenant placement, leasing, and maintenance backed by RPM Sunstate’s proven systems.",Rental Property Management in Palm Beach County,46,39,21,https://www.rpmsunstate.com/areas-we-serve/palm-beach-county-office,https://www.rpmsunstate.com/areas-we-serve/palm-beach-county-office,,375,2384,142,9324249,2293,false,514,0,,
https://www.rpmsunstate.com/contact-us,https://www.rpmsunstate.com/contact-us,https://www.rpmsunstate.com/contact-us,200,text/html,4bc6b194bc49f82ba27f6fb38f59dcde3809de03deffbb5f241d0b0ab7cb69f9,ed8f0c50bad48987344a3435d44aee586e85a9275a52e8d691b6d90f1c14b497,full,networkidle,1,https://www.rpmsunstate.com/,/contact-us/,"Contact RPM Sunstate | Jacksonville, Orlando & Palm Beach","Contact RPM Sunstate in Orlando, FL for expert property management. Request a free assessment or get answers to your rental questions today.",Contact Real Property Management Sunstate,42,60,29,https://www.rpmsunstate.com/contact-us,https://www.rpmsunstate.com/contact-us,,210,2435,154,13875174,2360,false,495,0,,
https://www.rpmsunstate.com/property-manager-careers,https://www.rpmsunstate.com/property-manager-careers,https://www.rpmsunstate.com/property-manager-careers,200,text/html,84a8d349b25b25df35a39a5fea52a550823ff0e22a764dc7cc35298e0091e54b,d03e069dd06b15adac9158a3e7d7b740921cb917592c8b19097be6fcfb971ec7,full,networkidle,1,https://www.rpmsunstate.com/,/property-manager-careers/,"Property Management Careers | RPM Sunstate","Explore property management careers with RPM Sunstate in Jacksonville, Orlando, and Palm Beach. Find roles from admin support to licensed managers.","Find property management jobs & careers in Orlando, Palm Beach County and Jacksonville, FL with Real Property Management Sunstate.",33,35,21,https://www.rpmsunstate.com/property-manager-careers,https://www.rpmsunstate.com/property-manager-careers,,395,2689,135,9013452,2619,false,370,0,,
